{
    "metrics": {
        "iteration_duration": {
            "max": 191.281671,
            "p(90)": 157.8992256,
            "p(95)": 164.0407143,
            "p(99)": 177.36681491999997,
            "min": 2.931445,
            "avg": 142.1992712164073,
            "med": 141.827873
        },
        "http_req_blocked": {
            "p(95)": 0.0030429999999999993,
            "p(99)": 0.14287211999999958,
            "min": 0.000971,
            "avg": 0.006512396039603954,
            "med": 0.001823,
            "max": 1.586127,
            "p(90)": 0.002665
        },
        "wrong_mode_rate": {
            "fails": 706,
            "passes": 0,
            "thresholds": {
                "rate==0": false
            },
            "value": 0
        },
        "http_req_waiting": {
            "avg": 141.9620836166903,
            "med": 141.578735,
            "max": 191.046345,
            "p(90)": 157.6685266,
            "p(95)": 163.86331389999998,
            "p(99)": 177.11438957999994,
            "min": 0.203194
        },
        "http_req_duration{expected_response:true}": {
            "max": 191.139305,
            "p(90)": 157.762385,
            "p(95)": 163.93295999999998,
            "p(99)": 177.21795823999994,
            "min": 0.317185,
            "avg": 142.04861940452625,
            "med": 141.684828
        },
        "checks": {
            "passes": 1412,
            "fails": 0,
            "value": 1
        },
        "iterations": {
            "count": 706,
            "rate": 69.90273883714052
        },
        "vus_max": {
            "value": 10,
            "min": 10,
            "max": 10
        },
        "http_req_tls_handshaking": {
            "med": 0,
            "max": 0,
            "p(90)": 0,
            "p(95)": 0,
            "p(99)": 0,
            "min": 0,
            "avg": 0
        },
        "http_req_connecting": {
            "p(90)": 0,
            "p(95)": 0,
            "p(99)": 0.1210955799999995,
            "min": 0,
            "avg": 0.0022403705799151344,
            "med": 0,
            "max": 0.203815
        },
        "http_req_duration": {
            "med": 141.684828,
            "max": 191.139305,
            "p(90)": 157.762385,
            "p(95)": 163.93295999999998,
            "p(99)": 177.21795823999994,
            "min": 0.317185,
            "avg": 142.04861940452625,
            "thresholds": {
                "p(99)<2000": false
            }
        },
        "data_received": {
            "count": 431484,
            "rate": 42722.2568900917
        },
        "http_req_sending": {
            "min": 0.006713,
            "avg": 0.01965881188118812,
            "med": 0.012394,
            "max": 0.160682,
            "p(90)": 0.037417,
            "p(95)": 0.04483169999999996,
            "p(99)": 0.05954793999999998
        },
        "http_req_receiving": {
            "min": 0.024547,
            "avg": 0.0668769759547383,
            "med": 0.062852,
            "max": 0.307046,
            "p(90)": 0.09880799999999999,
            "p(95)": 0.11334299999999997,
            "p(99)": 0.15457225999999974
        },
        "data_sent": {
            "rate": 15733.95796865604,
            "count": 158909
        },
        "http_reqs": {
            "count": 707,
            "rate": 70.00175121509682
        },
        "http_req_failed": {
            "passes": 0,
            "fails": 707,
            "value": 0
        },
        "vus": {
            "value": 10,
            "min": 10,
            "max": 10
        }
    },
    "setup_data": {},
    "root_group": {
            "checks": {
                "response is json": {
                    "fails": 0,
                    "name": "response is json",
                    "path": "::response is json",
                    "id": "7b6320afbd565959a128eded3beefbee",
                    "passes": 706
                },
                "terminal_mode present": {
                    "name": "terminal_mode present",
                    "path": "::terminal_mode present",
                    "id": "839532279defcaaaced22f54174d10dc",
                    "passes": 706,
                    "fails": 0
                }
            },
            "name": "",
            "path": "",
            "id": "d41d8cd98f00b204e9800998ecf8427e",
            "groups": {
                "setup": {
                    "name": "setup",
                    "path": "::setup",
                    "id": "5c0f8025f7e0b6654089e5b00e950f1a",
                    "groups": {},
                    "checks": {}
                }
            }
        }
}